Branch Count,Compactness,Outer Area,Rmax,Rmean,Total Area
0.464550264550265,0.292617871197064,0.357146326064786,0.440625986113391,0.623071371139829,0.996745744171737
